Workbook

Sheet الافتراضات
A1: الافتراضات — غيّر الأرقام الزرقاء فقط
A2: الخلايا الصفراء هي المدخلات الرئيسية. كل الأوراق الأخرى تقرأ من هنا.
A4: البند | B4: القيمة | C4: ملاحظة
A5: نسبة المعالج من قيمة الجلسة | B5: 0.4 | C5: تُطبق على المساج والحجامة والحمام المغربي. في الباقات تُطبق على القيمة المخصصة بعد الخصم (الخيار أ في الاستراتيجية 2.1).
A6: الحد الأدنى للمساهمة الإجمالية لأي عرض | B6: 0.35 | C6: أي عرض تحته يظهر بعلامة (مرفوض) في ورقة الباقات.
A7: مستهلكات الحجامة الكاملة (ج/جلسة) | B7: 50 | C7: كاسات، مشارط، قفازات، تعقيم — تقدير المالك
A8: مستهلكات الحجامة النارية (ج/جلسة) | B8: 20
A9: مستهلكات المساج الكلي (ج/جلسة) | B9: 25 | C9: زيوت + غسيل فوط
A10: مستهلكات المساج الجزئي (ج/جلسة) | B10: 15
A11: مستهلكات الحمام المغربي (ج/جلسة) | B11: 120 | C11: صابون مغربي، كيس، طين، فوط
A12: تشغيل السبا الكاملة (ج/جلسة) | B12: 40 | C12: كهرباء + مياه + فوط. لا معالج.
A13: تشغيل السبا الواحدة (ج/جلسة) | B13: 20
A14: الميزانية الإعلانية الشهرية (ج) | B14: 15000 | C14: تُستخدم في ورقة السيناريوهات
A15: العربون الافتراضي (ج) | B15: 100 | C15: 150 للحمام المغربي والعرسان
A18: الدليل: أزرق = مدخل يمكن تغييره · أسود = معادلة لا تُلمس · أخضر = مرجع من ورقة أخرى · أصفر = مدخل رئيسي

Sheet الخدمات
A1: هامش كل خدمة مفردة
A2: السعر والحاجة لمعالج مدخلات (أزرق). الباقي معادلات.
A4: الخدمة | B4: السعر | C4: يحتاج معالج (1/0) | D4: أجر المعالج | E4: مستهلكات/تشغيل | F4: المساهمة | G4: الهامش | H4: الحالة
A5: سبا واحدة | B5: 150 | C5: 0 | D5: =B5*C5*الافتراضات!$B$5 -> 0 | E5: =الافتراضات!$B$13 -> 20 | F5: =B5-D5-E5 -> 130 | G5: =IF(B5=0,0,F5/B5) -> 0.86666667 | H5: =IF(G5>=الافتراضات!$B$6,"مقبول","مرفوض") -> مقبول
A6: سبا كاملة | B6: 400 | C6: 0 | D6: =B6*C6*الافتراضات!$B$5 -> 0 | E6: =الافتراضات!$B$12 -> 40 | F6: =B6-D6-E6 -> 360 | G6: =IF(B6=0,0,F6/B6) -> 0.9 | H6: =IF(G6>=الافتراضات!$B$6,"مقبول","مرفوض") -> مقبول
A7: مساج جزئي (30 د) | B7: 300 | C7: 1 | D7: =B7*C7*الافتراضات!$B$5 -> 120 | E7: =الافتراضات!$B$10 -> 15 | F7: =B7-D7-E7 -> 165 | G7: =IF(B7=0,0,F7/B7) -> 0.55 | H7: =IF(G7>=الافتراضات!$B$6,"مقبول","مرفوض") -> مقبول
A8: مساج كلي (60 د) | B8: 500 | C8: 1 | D8: =B8*C8*الافتراضات!$B$5 -> 200 | E8: =الافتراضات!$B$9 -> 25 | F8: =B8-D8-E8 -> 275 | G8: =IF(B8=0,0,F8/B8) -> 0.55 | H8: =IF(G8>=الافتراضات!$B$6,"مقبول","مرفوض") -> مقبول
A9: حجامة نارية | B9: 200 | C9: 1 | D9: =B9*C9*الافتراضات!$B$5 -> 80 | E9: =الافتراضات!$B$8 -> 20 | F9: =B9-D9-E9 -> 100 | G9: =IF(B9=0,0,F9/B9) -> 0.5 | H9: =IF(G9>=الافتراضات!$B$6,"مقبول","مرفوض") -> مقبول
A10: حجامة كاملة | B10: 550 | C10: 1 | D10: =B10*C10*الافتراضات!$B$5 -> 220 | E10: =الافتراضات!$B$7 -> 50 | F10: =B10-D10-E10 -> 280 | G10: =IF(B10=0,0,F10/B10) -> 0.50909091 | H10: =IF(G10>=الافتراضات!$B$6,"مقبول","مرفوض") -> مقبول
A11: حمام مغربي | B11: 1800 | C11: 1 | D11: =B11*C11*الافتراضات!$B$5 -> 720 | E11: =الافتراضات!$B$11 -> 120 | F11: =B11-D11-E11 -> 960 | G11: =IF(B11=0,0,F11/B11) -> 0.53333333 | H11: =IF(G11>=الافتراضات!$B$6,"مقبول","مرفوض") -> مقبول
A13: ملاحظة: سعر الحمام المغربي بانتظار مسح المنافسين (الاستراتيجية القسم 9).

Sheet الباقات
A1: الباقات والعروض — القيمة المفردة، التوفير، والهامش الحقيقي
A2: الأعمدة C:I = عدد الجلسات من كل خدمة داخل الباقة (أزرق). السعر (J) مدخل. أجر المعالج يُحسب على القيمة المخصصة بعد الخصم.
A4: الباقة / العرض | B4: النوع | C4: سبا واحدة | D4: سبا كاملة | E4: مساج جزئي (30 د) | F4: مساج كلي (60 د) | G4: حجامة نارية | H4: حجامة كاملة | I4: حمام مغربي | J4: القيمة المفردة | K4: السعر | L4: التوفير | M4: التوفير % | N4: أجر المعالجين | O4: مستهلكات | P4: المساهمة | Q4: الهامش | R4: الحالة
A5: تجربة السبا الكاملة | B5: تعارف | C5: 0 | D5: 1 | E5: 0 | F5: 0 | G5: 0 | H5: 0 | I5: 0 | J5: =SUMPRODUCT(C5:I5,TRANSPOSE(الخدمات!$B$5:$B$11)) -> 400 | K5: 199 | L5: =J5-K5 -> 201 | M5: =IF(J5=0,0,L5/J5) -> 0.5025 | N5: =SUMPRODUCT(C5:I5,TRANSPOSE(الخدمات!$D$5:$D$11))*IF(J5=0,0,K5/J5) -> 0 | O5: =SUMPRODUCT(C5:I5,TRANSPOSE(الخدمات!$E$5:$E$11)) -> 40 | P5: =K5-N5-O5 -> 159 | Q5: =IF(K5=0,0,P5/K5) -> 0.79899497 | R5: =IF(Q5>=الافتراضات!$B$6,"مقبول","مرفوض") -> مقبول
A6: استرخاء سريع | B6: تعارف | C6: 0 | D6: 1 | E6: 1 | F6: 0 | G6: 0 | H6: 0 | I6: 0 | J6: =SUMPRODUCT(C6:I6,TRANSPOSE(الخدمات!$B$5:$B$11)) -> 700 | K6: 349 | L6: =J6-K6 -> 351 | M6: =IF(J6=0,0,L6/J6) -> 0.50142857 | N6: =SUMPRODUCT(C6:I6,TRANSPOSE(الخدمات!$D$5:$D$11))*IF(J6=0,0,K6/J6) -> 59.828571 | O6: =SUMPRODUCT(C6:I6,TRANSPOSE(الخدمات!$E$5:$E$11)) -> 55 | P6: =K6-N6-O6 -> 234.17143 | Q6: =IF(K6=0,0,P6/K6) -> 0.67097831 | R6: =IF(Q6>=الافتراضات!$B$6,"مقبول","مرفوض") -> مقبول
A7: تنشيط | B7: تعارف | C7: 0 | D7: 1 | E7: 0 | F7: 0 | G7: 1 | H7: 0 | I7: 0 | J7: =SUMPRODUCT(C7:I7,TRANSPOSE(الخدمات!$B$5:$B$11)) -> 600 | K7: 299 | L7: =J7-K7 -> 301 | M7: =IF(J7=0,0,L7/J7) -> 0.50166667 | N7: =SUMPRODUCT(C7:I7,TRANSPOSE(الخدمات!$D$5:$D$11))*IF(J7=0,0,K7/J7) -> 39.866667 | O7: =SUMPRODUCT(C7:I7,TRANSPOSE(الخدمات!$E$5:$E$11)) -> 60 | P7: =K7-N7-O7 -> 199.13333 | Q7: =IF(K7=0,0,P7/K7) -> 0.66599777 | R7: =IF(Q7>=الافتراضات!$B$6,"مقبول","مرفوض") -> مقبول
A8: ريلاكس (البرونزية) | B8: باقة | C8: 1 | D8: 0 | E8: 0 | F8: 1 | G8: 1 | H8: 0 | I8: 0 | J8: =SUMPRODUCT(C8:I8,TRANSPOSE(الخدمات!$B$5:$B$11)) -> 850 | K8: 729 | L8: =J8-K8 -> 121 | M8: =IF(J8=0,0,L8/J8) -> 0.14235294 | N8: =SUMPRODUCT(C8:I8,TRANSPOSE(الخدمات!$D$5:$D$11))*IF(J8=0,0,K8/J8) -> 240.14118 | O8: =SUMPRODUCT(C8:I8,TRANSPOSE(الخدمات!$E$5:$E$11)) -> 65 | P8: =K8-N8-O8 -> 423.85882 | Q8: =IF(K8=0,0,P8/K8) -> 0.581425 | R8: =IF(Q8>=الافتراضات!$B$6,"مقبول","مرفوض") -> مقبول
A9: بالانس (الفضية) ⭐ | B9: باقة | C9: 0 | D9: 1 | E9: 1 | F9: 0 | G9: 0 | H9: 1 | I9: 0 | J9: =SUMPRODUCT(C9:I9,TRANSPOSE(الخدمات!$B$5:$B$11)) -> 1250 | K9: 999 | L9: =J9-K9 -> 251 | M9: =IF(J9=0,0,L9/J9) -> 0.2008 | N9: =SUMPRODUCT(C9:I9,TRANSPOSE(الخدمات!$D$5:$D$11))*IF(J9=0,0,K9/J9) -> 271.728 | O9: =SUMPRODUCT(C9:I9,TRANSPOSE(الخدمات!$E$5:$E$11)) -> 105 | P9: =K9-N9-O9 -> 622.272 | Q9: =IF(K9=0,0,P9/K9) -> 0.62289489 | R9: =IF(Q9>=الافتراضات!$B$6,"مقبول","مرفوض") -> مقبول
A10: فل ريكفري (الذهبية) | B10: باقة | C10: 1 | D10: 1 | E10: 0 | F10: 1 | G10: 0 | H10: 1 | I10: 0 | J10: =SUMPRODUCT(C10:I10,TRANSPOSE(الخدمات!$B$5:$B$11)) -> 1600 | K10: 1199 | L10: =J10-K10 -> 401 | M10: =IF(J10=0,0,L10/J10) -> 0.250625 | N10: =SUMPRODUCT(C10:I10,TRANSPOSE(الخدمات!$D$5:$D$11))*IF(J10=0,0,K10/J10) -> 314.7375 | O10: =SUMPRODUCT(C10:I10,TRANSPOSE(الخدمات!$E$5:$E$11)) -> 135 | P10: =K10-N10-O10 -> 749.2625 | Q10: =IF(K10=0,0,P10/K10) -> 0.62490617 | R10: =IF(Q10>=الافتراضات!$B$6,"مقبول","مرفوض") -> مقبول
A11: كورس الحجامة ×3 | B11: كورس | C11: 0 | D11: 3 | E11: 0 | F11: 0 | G11: 0 | H11: 3 | I11: 0 | J11: =SUMPRODUCT(C11:I11,TRANSPOSE(الخدمات!$B$5:$B$11)) -> 2850 | K11: 1499 | L11: =J11-K11 -> 1351 | M11: =IF(J11=0,0,L11/J11) -> 0.47403509 | N11: =SUMPRODUCT(C11:I11,TRANSPOSE(الخدمات!$D$5:$D$11))*IF(J11=0,0,K11/J11) -> 347.13684 | O11: =SUMPRODUCT(C11:I11,TRANSPOSE(الخدمات!$E$5:$E$11)) -> 270 | P11: =K11-N11-O11 -> 881.86316 | Q11: =IF(K11=0,0,P11/K11) -> 0.58830097 | R11: =IF(Q11>=الافتراضات!$B$6,"مقبول","مرفوض") -> مقبول
A12: باقة المساج ×4 | B12: كورس | C12: 0 | D12: 4 | E12: 0 | F12: 4 | G12: 0 | H12: 0 | I12: 0 | J12: =SUMPRODUCT(C12:I12,TRANSPOSE(الخدمات!$B$5:$B$11)) -> 3600 | K12: 1799 | L12: =J12-K12 -> 1801 | M12: =IF(J12=0,0,L12/J12) -> 0.50027778 | N12: =SUMPRODUCT(C12:I12,TRANSPOSE(الخدمات!$D$5:$D$11))*IF(J12=0,0,K12/J12) -> 399.77778 | O12: =SUMPRODUCT(C12:I12,TRANSPOSE(الخدمات!$E$5:$E$11)) -> 260 | P12: =K12-N12-O12 -> 1139.2222 | Q12: =IF(K12=0,0,P12/K12) -> 0.63325304 | R12: =IF(Q12>=الافتراضات!$B$6,"مقبول","مرفوض") -> مقبول
A13: اشتراك سبا 8 | B13: اشتراك | C13: 0 | D13: 8 | E13: 0 | F13: 0 | G13: 0 | H13: 0 | I13: 0 | J13: =SUMPRODUCT(C13:I13,TRANSPOSE(الخدمات!$B$5:$B$11)) -> 3200 | K13: 999 | L13: =J13-K13 -> 2201 | M13: =IF(J13=0,0,L13/J13) -> 0.6878125 | N13: =SUMPRODUCT(C13:I13,TRANSPOSE(الخدمات!$D$5:$D$11))*IF(J13=0,0,K13/J13) -> 0 | O13: =SUMPRODUCT(C13:I13,TRANSPOSE(الخدمات!$E$5:$E$11)) -> 320 | P13: =K13-N13-O13 -> 679 | Q13: =IF(K13=0,0,P13/K13) -> 0.67967968 | R13: =IF(Q13>=الافتراضات!$B$6,"مقبول","مرفوض") -> مقبول
A14: اشتراك سبا 12 | B14: اشتراك | C14: 0 | D14: 12 | E14: 0 | F14: 0 | G14: 0 | H14: 0 | I14: 0 | J14: =SUMPRODUCT(C14:I14,TRANSPOSE(الخدمات!$B$5:$B$11)) -> 4800 | K14: 1299 | L14: =J14-K14 -> 3501 | M14: =IF(J14=0,0,L14/J14) -> 0.729375 | N14: =SUMPRODUCT(C14:I14,TRANSPOSE(الخدمات!$D$5:$D$11))*IF(J14=0,0,K14/J14) -> 0 | O14: =SUMPRODUCT(C14:I14,TRANSPOSE(الخدمات!$E$5:$E$11)) -> 480 | P14: =K14-N14-O14 -> 819 | Q14: =IF(K14=0,0,P14/K14) -> 0.63048499 | R14: =IF(Q14>=الافتراضات!$B$6,"مقبول","مرفوض") -> مقبول
A15: ريكفري لعضو الجيم (شهري) | B15: اشتراك | C15: 0 | D15: 4 | E15: 0 | F15: 1 | G15: 0 | H15: 0 | I15: 0 | J15: =SUMPRODUCT(C15:I15,TRANSPOSE(الخدمات!$B$5:$B$11)) -> 2100 | K15: 899 | L15: =J15-K15 -> 1201 | M15: =IF(J15=0,0,L15/J15) -> 0.57190476 | N15: =SUMPRODUCT(C15:I15,TRANSPOSE(الخدمات!$D$5:$D$11))*IF(J15=0,0,K15/J15) -> 85.619048 | O15: =SUMPRODUCT(C15:I15,TRANSPOSE(الخدمات!$E$5:$E$11)) -> 185 | P15: =K15-N15-O15 -> 628.38095 | Q15: =IF(K15=0,0,P15/K15) -> 0.6989777 | R15: =IF(Q15>=الافتراضات!$B$6,"مقبول","مرفوض") -> مقبول
A16: ثنائي بالانس ×2 | B16: ثنائي | C16: 0 | D16: 2 | E16: 2 | F16: 0 | G16: 0 | H16: 2 | I16: 0 | J16: =SUMPRODUCT(C16:I16,TRANSPOSE(الخدمات!$B$5:$B$11)) -> 2500 | K16: 1799 | L16: =J16-K16 -> 701 | M16: =IF(J16=0,0,L16/J16) -> 0.2804 | N16: =SUMPRODUCT(C16:I16,TRANSPOSE(الخدمات!$D$5:$D$11))*IF(J16=0,0,K16/J16) -> 489.328 | O16: =SUMPRODUCT(C16:I16,TRANSPOSE(الخدمات!$E$5:$E$11)) -> 210 | P16: =K16-N16-O16 -> 1099.672 | Q16: =IF(K16=0,0,P16/K16) -> 0.61126848 | R16: =IF(Q16>=الافتراضات!$B$6,"مقبول","مرفوض") -> مقبول
... A21: (الحالية) البرونزية 850 | B21: مقارنة | C21: 1 | D21: 0 | E21: 0 | F21: 1 | G21: 1 | H21: 0 | I21: 0 | J21: =SUMPRODUCT(C21:I21,TRANSPOSE(الخدمات!$B$5:$B$11)) -> 850 | K21: 850 | L21: =J21-K21 -> 0 | M21: =IF(J21=0,0,L21/J21) -> 0 | N21: =SUMPRODUCT(C21:I21,TRANSPOSE(الخدمات!$D$5:$D$11))*IF(J21=0,0,K21/J21) -> 280 | O21: =SUMPRODUCT(C21:I21,TRANSPOSE(الخدمات!$E$5:$E$11)) -> 65 | P21: =K21-N21-O21 -> 505 | Q21: =IF(K21=0,0,P21/K21) -> 0.59411765 | R21: =IF(Q21>=الافتراضات!$B$6,"مقبول","مرفوض") -> مقبول
A23: الصفوف الرمادية = الباقات الحالية للمقارنة (لاحظ التوفير صفر أو سالب).
A24: أجر المعالجين = مجموع أجر الجلسات المفردة × (سعر الباقة ÷ القيمة المفردة). لو اعتمدت الخيار ب (أجر ثابت) عدّل العمود N يدوياً.

Sheet السيناريوهات
A1: نموذج عائد الحملة — ثلاث سيناريوهات
A2: الأزرق مدخلات. الميزانية تُقرأ من الافتراضات. النتائج معادلات.
A4: المؤشر | B4: متحفظ | C4: متوسط | D4: طموح | E4: ملاحظة
A5: الميزانية الإعلانية الشهرية | B5: =الافتراضات!$B$14 -> 15000 | C5: =الافتراضات!$B$14 -> 15000 | D5: =الافتراضات!$B$14 -> 15000 | E5: من ورقة الافتراضات
A6: تكلفة الليد CPL | B6: 40 | C6: 25 | D6: 18 | E6: رسائل/واتساب لخدمة محلية في مصر
A7: نسبة الوصول (رد فعلي) | B7: 0.65 | C7: 0.75 | D7: 0.85 | E7: يتحكم فيها الكول سنتر
A8: نسبة الحجز من الواصلين | B8: 0.25 | C8: 0.35 | D8: 0.45
A9: نسبة الحضور (مع عربون) | B9: 0.6 | C9: 0.7 | D9: 0.8 | E9: بدون عربون توقّع 40-50%
A10: متوسط تذكرة الزيارة الأولى | B10: 320 | C10: 340 | D10: 360 | E10: مزيج عروض التعارف
A11: نسبة الترقية لباقة/كورس في نفس الزيارة | B11: 0.2 | C11: 0.3 | D11: 0.4
A12: متوسط قيمة الباقة/الكورس | B12: 1000 | C12: 1100 | D12: 1200
A13: نسبة المساهمة الإجمالية | B13: 0.58 | C13: 0.58 | D13: 0.58 | E13: متوسط مرجّح من ورقة الباقات
A14: زيارات متكررة للعميل خلال 6 شهور | B14: 2 | C14: 3 | D14: 4 | E14: لحساب LTV
A15: متوسط إنفاق الزيارة المتكررة | B15: 450 | C15: 500 | D15: 550
A17: النتائج
A18: عدد الليدز | B18: =B5/B6 -> 375 | C18: =C5/C6 -> 600 | D18: =D5/D6 -> 833.33333
A19: ليدز تم الوصول إليها | B19: =B18*B7 -> 243.75 | C19: =C18*C7 -> 450 | D19: =D18*D7 -> 708.33333
A20: حجوزات | B20: =B19*B8 -> 60.9375 | C20: =C19*C8 -> 157.5 | D20: =D19*D8 -> 318.75
A21: جلسات أولى فعلية (حضور) | B21: =B20*B9 -> 36.5625 | C21: =C20*C9 -> 110.25 | D21: =D20*D9 -> 255
A22: إيراد الزيارات الأولى | B22: =B21*B10 -> 11700 | C22: =C21*C10 -> 37485 | D22: =D21*D10 -> 91800
A23: باقات/كورسات مباعة | B23: =B21*B11 -> 7.3125 | C23: =C21*C11 -> 33.075 | D23: =D21*D11 -> 102
A24: إيراد الباقات | B24: =B23*B12 -> 7312.5 | C24: =C23*C12 -> 36382.5 | D24: =D23*D12 -> 122400
A25: إجمالي إيراد الشهر الأول | B25: =B22+B24 -> 19012.5 | C25: =C22+C24 -> 73867.5 | D25: =D22+D24 -> 214200
A26: المساهمة الإجمالية | B26: =B25*B13 -> 11027.25 | C26: =C25*C13 -> 42843.15 | D26: =D25*D13 -> 124236
A27: صافي بعد الإعلان | B27: =B26-B5 -> -3972.75 | C27: =C26-C5 -> 27843.15 | D27: =D26-D5 -> 109236
A28: تكلفة اكتساب العميل CAC | B28: =IF(B21=0,0,B5/B21) -> 410.25641 | C28: =IF(C21=0,0,C5/C21) -> 136.05442 | D28: =IF(D21=0,0,D5/D21) -> 58.823529
A29: قيمة العميل 6 شهور LTV | B29: =B25/MAX(B21,1)+B14*B15 -> 1420 | C29: =C25/MAX(C21,1)+C14*C15 -> 2170 | D29: =D25/MAX(D21,1)+D14*D15 -> 3040
A30: LTV ÷ CAC | B30: =IF(B28=0,0,B29/B28) -> 3.46125 | C30: =IF(C28=0,0,C29/C28) -> 15.9495 | D30: =IF(D28=0,0,D29/D28) -> 51.68
A32: الهدف: LTV ÷ CAC ≥ 5 في السيناريو المتوسط. لو الجلسات الأولى تتجاوز طاقة المعالجين (ورقة السعة) فالحل معالج إضافي لا خصم.

Sheet السعة
A1: طاقة القسم الشهرية
A2: املأ أرقامك الحقيقية (أزرق). الأرقام الحالية مثال افتراضي.
A4: البند | B4: القيمة | C4: ملاحظة
A5: عدد غرف/أسرّة المساج والحجامة | B5: 2 | C5: مثال
A6: ساعات التشغيل اليومية | B6: 10 | C6: مثال: 12 ظهراً - 10 مساءً
A7: أيام التشغيل في الشهر | B7: 26
A8: متوسط مدة الجلسة بالساعة (شاملة 15 د تجهيز) | B8: 1.25 | C8: مساج 60 د + 15 د
A9: الإشغال المستهدف | B9: 0.65 | C9: 60-70% صحي؛ فوق 75% باستمرار = وقت لمعالج إضافي
A10: عدد الأشخاص المتزامنين في السبا | B10: 4 | C10: ساونا + بخار + جاكوزي
A11: مدة فترة السبا بالساعة | B11: 1.25
A12: الطاقة القصوى لجلسات المعالج شهرياً | B12: =B5*B6*B7/B8 -> 416
A13: جلسات المعالج عند الإشغال المستهدف | B13: =B12*B9 -> 270.4
A14: الطاقة القصوى لجلسات السبا شهرياً | B14: =B10*B6*B7/B11 -> 832
A15: جلسات السبا عند الإشغال المستهدف | B15: =B14*B9 -> 540.8
A16: إيراد خدمات المعالج المتوقع عند الهدف (بمتوسط تذكرة 500) | B16: =B13*500 -> 135200 | C16: الـ 500 افتراض متوسط تذكرة مساج/حجامة — عدّله
